input_file,k,alpha,r,algorithm,algorithm_type,runs,selected,min_selected,max_selected,fairness,min_fairness,max_fairness,fraction_opt,min_fraction_opt,max_fraction_opt,inverse_ratio,min_inverse_ratio,max_inverse_ratio,delta,num_levels
Input\LANL-CM5-1994-4.1-cln_interval_5groups.csv,5,,,offline_greedy,deterministic,1,59130,59130,59130,1.5197381471930174,1.5197381471930174,1.5197381471930174,1.0,1.0,1.0,1.0,1.0,1.0,239892.0,
Input\LANL-CM5-1994-4.1-cln_interval_5groups.csv,5,1.0,5,offline_deterministic,deterministic,1,53644,53644,53644,1.619661733615222,1.619661733615222,1.619661733615222,0.9072213766277694,0.9072213766277694,0.9072213766277694,1.1022667959138022,1.1022667959138022,1.1022667959138022,239892.0,
Input\LANL-CM5-1994-4.1-cln_interval_5groups.csv,5,,,offline_randomized,randomized,1000,50793.134,46737,53574,2.112179011465444,1.737337130037104,2.66099340048628,0.8590078471165229,0.7904109589041096,0.9060375443937088,1.1670164585740768,1.103707022062941,1.2651646447140381,239892.0,
Input\LANL-CM5-1994-4.1-cln_interval_5groups.csv,5,,,online_randomized,randomized,1000,39451.898,36120,43746,3.582674868925672,2.54340559640913,4.990879478827361,0.667206122103839,0.610857432775241,0.7398274987316084,1.5028923811966415,1.3516664380743382,1.6370431893687707,239892.0,18
Input\LANL-CM5-1994-4.1-cln_interval_5groups.csv,5,,,online_randomized_level_greedy,randomized,1000,5148.844,53,11138,inf,9.962288686605982,inf,0.08707667850498901,0.0008963301200744123,0.18836462032809065,18.037456858823234,5.308852576764231,1115.6603773584907,239892.0,18
