input_file,k,alpha,r,algorithm,algorithm_type,runs,selected,min_selected,max_selected,fairness,min_fairness,max_fairness,fraction_opt,min_fraction_opt,max_fraction_opt,inverse_ratio,min_inverse_ratio,max_inverse_ratio,delta,opt_by_group,selected_by_group,num_levels
temp\generated_intervals\CTC-SP2-1996\CTC-SP2-1996-3.1-cln_interval_containment_quantile_3groups.csv,3,,,offline_greedy,deterministic,1,20905,20905,20905,inf,inf,inf,1.0,1.0,1.0,1.0,1.0,1.0,71998.0,"{""1"": 17426, ""2"": 8514, ""3"": 1603}","{""1"": 17349, ""2"": 3556, ""3"": 0}",
temp\generated_intervals\CTC-SP2-1996\CTC-SP2-1996-3.1-cln_interval_containment_quantile_3groups.csv,3,1.0,3,offline_deterministic,deterministic,1,16727,16727,16727,3.00187265917603,3.00187265917603,3.00187265917603,0.8001435063381966,0.8001435063381966,0.8001435063381966,1.2497758115621451,1.2497758115621451,1.2497758115621451,71998.0,"{""1"": 17426, ""2"": 8514, ""3"": 1603}","{""1"": 12683, ""2"": 3510, ""3"": 534}",
temp\generated_intervals\CTC-SP2-1996\CTC-SP2-1996-3.1-cln_interval_containment_quantile_3groups.csv,3,,,offline_randomized,randomized,1000,15501.9,8432,20905,3.125,1.6447458458982815,3.125,0.7415403013633102,0.40334848122458744,1.0,1.3485443719802088,1.0,2.4792457305502844,71998.0,"{""1"": 17426, ""2"": 8514, ""3"": 1603}","{""1"": 10594.95, ""2"": 4393.99, ""3"": 512.96}",
temp\generated_intervals\CTC-SP2-1996\CTC-SP2-1996-3.1-cln_interval_containment_quantile_3groups.csv,3,,,online_randomized,randomized,1000,12929.906,4469,20204,4.395393474088292,1.9165446325807087,4.395393474088292,0.6185078210954317,0.21377660846687396,0.9664673523080602,1.616794429905368,1.0346960997822214,4.677780264041172,71998.0,"{""1"": 17426, ""2"": 8514, ""3"": 1603}","{""1"": 9092.405, ""2"": 3472.801, ""3"": 364.7}",17
temp\generated_intervals\CTC-SP2-1996\CTC-SP2-1996-3.1-cln_interval_containment_quantile_3groups.csv,3,,,online_randomized_level_greedy,randomized,1000,1645.977,0,7047,20.49469050382879,9.543825389076101,20.49469050382879,0.07873604400861038,0.0,0.33709638842382206,12.700663496513013,2.9665105718745566,inf,71998.0,"{""1"": 17426, ""2"": 8514, ""3"": 1603}","{""1"": 850.269, ""2"": 627.746, ""3"": 167.962}",17
